metric	sampleType	n	median	mad	q05	q25	q75	q95
meanCoverage	unknown	264	100.3505625	15.453702446700003	46.8464481	90.43373525	112.03002975	155.73933155
meanCoverage	T	53	86.148119	4.693330420799987	76.0504238	83.439002	90.297801	121.7728956
meanCoverage	N	57	32.528734	3.1975782761999993	30.163708	30.604602	41.044233	60.895799399999945
